<?xml version="1.0" encoding="utf-8"?>
<!--
  ~ Copyright 2025 Ant Lab S.R.L.
  ~ Author: Riccardo Mohamed
  ~ Email: riccardo.mohamed@gmail.com
  ~
  ~ Licensed under the Apache License, Version 2.0 (the "License");
  ~ you may not use this file except in compliance with the License.
  ~ You may obtain a copy of the License at
  ~
  ~     http://www.apache.org/licenses/LICENSE-2.0
  ~
  ~ Unless required by applicable law or agreed to in writing, software
  ~ distributed under the License is distributed on an "AS IS" BASIS,
  ~ WITHOUT WARRANTIES OR CONDITIONS OF ANY KIND, either express or implied.
  ~ See the License for the specific language governing permissions and
  ~ limitations under the License.
  ~
  -->

<databaseChangeLog
        xmlns="http://www.liquibase.org/xml/ns/dbchangelog" xmlns:xsi="http://www.w3.org/2001/XMLSchema-instance"
        xsi:schemaLocation="http://www.liquibase.org/xml/ns/dbchangelog http://www.liquibase.org/xml/ns/dbchangelog/dbchangelog-4.1.xsd">

    <changeSet id="20250111_patch_liquibase_changelog_pre_library_1" author="klayer3" dbms="mariadb,mysql">
        <preConditions onFail="MARK_RAN">
            <tableExists tableName="DATABASECHANGELOG" />
        </preConditions>
        <sql>
            update DATABASECHANGELOG dcl set dcl.FILENAME = REPLACE(FILENAME, 'liquibase/changelog', 'liquibase/ant-lab-iam-core/changelog');
        </sql>
    </changeSet>

    <changeSet id="20250111_patch_liquibase_changelog_pre_library_2" author="klayer3" dbms="mariadb,mysql">
        <preConditions onFail="MARK_RAN">
            <tableExists tableName="databasechangelog"  />
        </preConditions>
        <sql>
            update databasechangelog dcl set dcl.FILENAME = REPLACE(FILENAME, 'liquibase/changelog', 'liquibase/ant-lab-iam-core/changelog');
        </sql>
    </changeSet>

    <changeSet id="20250111_patch_liquibase_changelog_pre_library_3" author="klayer3" dbms="mariadb,mysql">
        <preConditions onFail="MARK_RAN">
            <tableExists tableName="DATABASECHANGELOG" />
        </preConditions>
        <sql>
            update DATABASECHANGELOG dcl set
                dcl.FILENAME = REPLACE(FILENAME, '202400816_1845_added_sso_transaction', '20240816_1845_added_sso_transaction'),
                dcl.ID = REPLACE(ID, '202400816_1845_added_sso_transaction', '20240816_1845_added_sso_transaction'),
                dcl.MD5SUM = NULL
            where id like '202400816_1845_added_sso_transaction%';
        </sql>
    </changeSet>

    <changeSet id="20250111_patch_liquibase_changelog_pre_library_4" author="klayer3" dbms="mariadb,mysql">
        <preConditions onFail="MARK_RAN">
            <tableExists tableName="databasechangelog"  />
        </preConditions>
        <sql>
            update databasechangelog dcl set
                dcl.FILENAME = REPLACE(FILENAME, '202400816_1845_added_sso_transaction', '20240816_1845_added_sso_transaction'),
                dcl.ID = REPLACE(ID, '202400816_1845_added_sso_transaction', '20240816_1845_added_sso_transaction'),
                dcl.MD5SUM = NULL
            where id like '202400816_1845_added_sso_transaction%';
        </sql>
    </changeSet>
    <changeSet id="20250111_patch_liquibase_changelog_pre_library_5" author="klayer3" dbms="mariadb,mysql">
        <preConditions onFail="MARK_RAN">
            <tableExists tableName="user_provider"  />
        </preConditions>
        <dropTable tableName="user_provider"/>
    </changeSet>

    <changeSet id="20250111_patch_liquibase_changelog_pre_library_6" author="klayer3" dbms="mariadb,mysql">
        <preConditions onFail="MARK_RAN">
            <tableExists tableName="role"  />
        </preConditions>
        <dropTable tableName="role"/>
    </changeSet>

    <changeSet id="20250111_patch_liquibase_changelog_pre_library_7" author="klayer3" dbms="mariadb,mysql">
        <preConditions onFail="MARK_RAN">
            <tableExists tableName="provider"  />
        </preConditions>
        <dropTable tableName="provider"/>
    </changeSet>

    <changeSet id="20250111_patch_liquibase_changelog_pre_library_8" author="klayer3" dbms="mariadb,mysql">
        <preConditions onFail="MARK_RAN">
            <tableExists tableName="user"  />
        </preConditions>
        <dropTable tableName="user"/>
    </changeSet>
    

</databaseChangeLog>