<?xml version="1.0" encoding="utf-8"?>
<!--
  ~ Copyright 2025 Ant Lab S.R.L.
  ~ Author: Riccardo Mohamed
  ~ Email: riccardo.mohamed@gmail.com
  ~
  ~ Licensed under the Apache License, Version 2.0 (the "License");
  ~ you may not use this file except in compliance with the License.
  ~ You may obtain a copy of the License at
  ~
  ~     http://www.apache.org/licenses/LICENSE-2.0
  ~
  ~ Unless required by applicable law or agreed to in writing, software
  ~ distributed under the License is distributed on an "AS IS" BASIS,
  ~ WITHOUT WARRANTIES OR CONDITIONS OF ANY KIND, either express or implied.
  ~ See the License for the specific language governing permissions and
  ~ limitations under the License.
  ~
  -->

<databaseChangeLog xmlns="http://www.liquibase.org/xml/ns/dbchangelog"
                   xmlns:xsi="http://www.w3.org/2001/XMLSchema-instance"
                   xsi:schemaLocation="http://www.liquibase.org/xml/ns/dbchangelog http://www.liquibase.org/xml/ns/dbchangelog/dbchangelog-4.1.xsd">
    <include file="changelog/20220510_1142_initialization.xml" relativeToChangelogFile="true"/>
<!--    <include file="../resource/master.xml" relativeToChangelogFile="true"/> replaced by  20250618_1530_added_user_claims-->
    <include file="changelog/20230622_1416_changed_table_iam_names.xml" relativeToChangelogFile="true"/>
    <include file="changelog/20240315_1053_changed_iam_user_username_lenght.xml" relativeToChangelogFile="true"/>
    <include file="changelog/20240816_1845_added_sso_transaction.xml" relativeToChangelogFile="true"/>
    <include file="changelog/20250113_1815_added_context.xml" relativeToChangelogFile="true"/>
    <include file="changelog/20250114_1020_added_user_type.xml" relativeToChangelogFile="true"/>
    <include file="changelog/20250114_1020_added_user_type.xml" relativeToChangelogFile="true"/>
    <include file="changelog/20250618_1530_added_user_claims.xml" relativeToChangelogFile="true"/>
</databaseChangeLog>
