<?xml version="1.0" encoding="utf-8"?>
<databaseChangeLog
    xmlns="http://www.liquibase.org/xml/ns/dbchangelog"
    xmlns:xsi="http://www.w3.org/2001/XMLSchema-instance"
    xsi:schemaLocation="http://www.liquibase.org/xml/ns/dbchangelog http://www.liquibase.org/xml/ns/dbchangelog/dbchangelog-3.4.xsd">


    <property name="datetimeType" value="datetime"/>
    <property name="datetimeType" value="timestamp without time zone" dbms="postgresql"/>

    <changeSet id="o.nettuno.squeue.events_1"
               author="klayer3">
        <createTable tableName="event">
            <column name="id" type="bigint" autoIncrement="true">
                <constraints primaryKey="true" nullable="false" />
            </column>

            <column name="obsolete" type="boolean" defaultValueBoolean="false">
                <constraints primaryKey="true" nullable="false" />
            </column>

            <column name="event_type" type="varchar(40)">
                <constraints nullable="false" />
            </column>

            <column name="event_group" type="int">
                <constraints nullable="false" />
            </column>

            <column name="hash" type="varchar(40)">
                <constraints nullable="false" />
            </column>

            <column name="execution_counter" type="int" defaultValue="0">
                <constraints nullable="false" />
            </column>
            <column name="status" type="varchar(40)">
                <constraints nullable="false" />
            </column>
            <column name="date_created" type="${datetimeType}">
                <constraints nullable="true" />
            </column>
            <column name="created_by" type="varchar(255)">
                <constraints nullable="true" />
            </column>
            <column name="modified_date" type="${datetimeType}">
                <constraints nullable="true" />
            </column>
            <column  name="body"  type="clob" >
                <constraints nullable="false" />
            </column>

        </createTable>

    </changeSet>



    <changeSet id="io.nettuno.squeue.events_2"
               author="klayer3">

        <createIndex indexName="idx_event_id"
                     tableName="event"
                     unique="false">
            <column name="id" type="bigint(20)" />
        </createIndex>

        <createIndex indexName="idx_event_group"
                     tableName="event"
                     unique="false">
            <column name="event_group" type="int" />
        </createIndex>

        <createIndex indexName="idx_event_type"
                     tableName="event"
                     unique="false">
            <column name="event_type" type="varchar(40)" />
        </createIndex>

        <createIndex indexName="idx_event_hash"
                     tableName="event"
                     unique="false">
            <column name="hash" type="varchar(40)" />
        </createIndex>

        <sql dbms="mysql" >
            <![CDATA[
                 ALTER TABLE event
                    PARTITION BY LIST (obsolete) (
                        PARTITION obsolete VALUES in (1),
                        PARTITION current VALUES in (0)
                    );
            ]]>
        </sql>

    </changeSet>




</databaseChangeLog>
