<?xml version="1.0" encoding="utf-8"?>
<databaseChangeLog xmlns="http://www.liquibase.org/xml/ns/dbchangelog"
                   xmlns:xsi="http://www.w3.org/2001/XMLSchema-instance"
                   xsi:schemaLocation="http://www.liquibase.org/xml/ns/dbchangelog http://www.liquibase.org/xml/ns/dbchangelog/dbchangelog-4.1.xsd">
    
    <changeSet id="20231218_0940_fix_indexes_1" author="klayer3">
        <dropIndex tableName="event" indexName="idx_event_id"/>
        <createIndex tableName="event" indexName="uidx_event_id" unique="true">
            <column name="id"/>
        </createIndex>
        <createIndex tableName="event" indexName="idx_event_obsolete">
            <column name="obsolete" />
        </createIndex>
    </changeSet>
    
</databaseChangeLog>
