<?xml version="1.0" encoding="utf-8"?>
<databaseChangeLog xmlns="http://www.liquibase.org/xml/ns/dbchangelog"
                   xmlns:xsi="http://www.w3.org/2001/XMLSchema-instance"
                   xsi:schemaLocation="http://www.liquibase.org/xml/ns/dbchangelog http://www.liquibase.org/xml/ns/dbchangelog/dbchangelog-4.1.xsd">
    
    <changeSet id="20250310_1245_improve_indexes" author="klayer3">
        <createIndex tableName="event" indexName="idx_event_duplicated_1">
            <column name="obsolete" />
            <column name="event_group" />
            <column name="hash" />
        </createIndex>
        <createIndex tableName="event" indexName="idx_event_duplicated_2">
            <column name="obsolete" />
            <column name="event_group" />
            <column name="hash" />
            <column name="id" />
        </createIndex>
        <createIndex tableName="event" indexName="idx_event_process_search_1">
            <column name="obsolete" />
            <column name="event_group" />
            <column name="wait_until" />
        </createIndex>
        <createIndex tableName="event" indexName="idx_event_process_search_2">
            <column name="obsolete" />
            <column name="event_group" />
            <column name="wait_until" />
            <column name="id" />
        </createIndex>

        <createIndex tableName="event" indexName="idx_event_process_obsolete_modified_date">
            <column name="obsolete" />
            <column name="modified_date" />
        </createIndex>
    </changeSet>

    <changeSet id="20250310_1245_improve_indexes_2" author="klayer3">
        <createIndex tableName="event" indexName="idx_event_process_search_3">
            <column name="obsolete" />
            <column name="event_group" />
        </createIndex>
        <createIndex tableName="event" indexName="idx_event_process_search_4">
            <column name="obsolete" />
            <column name="event_group" />
            <column name="id" />
        </createIndex>
    </changeSet>
    
</databaseChangeLog>
