<?xml version="1.0" encoding="utf-8"?>
<!--
  ~ Copyright 2025 Ant Lab S.R.L.
  ~ Author: Riccardo Mohamed
  ~ Email: riccardo.mohamed@gmail.com
  ~
  ~ Licensed under the Apache License, Version 2.0 (the "License");
  ~ you may not use this file except in compliance with the License.
  ~ You may obtain a copy of the License at
  ~
  ~     http://www.apache.org/licenses/LICENSE-2.0
  ~
  ~ Unless required by applicable law or agreed to in writing, software
  ~ distributed under the License is distributed on an "AS IS" BASIS,
  ~ WITHOUT WARRANTIES OR CONDITIONS OF ANY KIND, either express or implied.
  ~ See the License for the specific language governing permissions and
  ~ limitations under the License.
  ~
  -->

<databaseChangeLog
        xmlns="http://www.liquibase.org/xml/ns/dbchangelog" xmlns:xsi="http://www.w3.org/2001/XMLSchema-instance"
        xsi:schemaLocation="http://www.liquibase.org/xml/ns/dbchangelog http://www.liquibase.org/xml/ns/dbchangelog/dbchangelog-4.1.xsd">

    <changeSet id="20220510_1142_initialization_1" author="klayer3">
        <createTable tableName="provider">
            <column name="id" type="varchar(30)">
                <constraints primaryKey="true" nullable="false"/>
            </column>
            <column name="description" type="varchar(250)" >
                <constraints  nullable="false"/>
            </column>

            <column name="created_by" type="varchar(100)" >
                <constraints  nullable="false"/>
            </column>
            <column name="created_date" type="datetime" >
                <constraints  nullable="false"/>
            </column>
            <column name="modified_by" type="varchar(100)" />
            <column name="modified_date" type="datetime" />
            <column name="obsolete" type="boolean" defaultValueBoolean="false">
                <constraints nullable="false" />
            </column>
        </createTable>
    </changeSet>

    <changeSet id="20220510_1142_initialization_2" author="klayer3">
        <createTable tableName="role">
            <column name="id" type="varchar(30)">
                <constraints primaryKey="true" nullable="false"/>
            </column>
            <column name="description" type="varchar(250)" >
                <constraints  nullable="false"/>
            </column>

            <column name="created_by" type="varchar(100)" >
                <constraints  nullable="false"/>
            </column>
            <column name="created_date" type="datetime" >
                <constraints  nullable="false"/>
            </column>
            <column name="modified_by" type="varchar(100)" />
            <column name="modified_date" type="datetime" />
            <column name="obsolete" type="boolean" defaultValueBoolean="false">
                <constraints nullable="false" />
            </column>
        </createTable>
    </changeSet>

    <changeSet id="20220510_1142_initialization_3" author="klayer3">
        <createTable tableName="user">
            <column name="id" type="varchar(40)">
                <constraints primaryKey="true" nullable="false"/>
            </column>
            <column name="username" type="varchar(50)" >
                <constraints  nullable="false"/>
            </column>
            <column name="secret" type="varchar(300)" />
            <column name="locked" type="boolean" defaultValueBoolean="false">
                <constraints nullable="false" />
            </column>
            <column name="enabled" type="boolean" defaultValueBoolean="false">
                <constraints nullable="false" />
            </column>

            <column name="created_by" type="varchar(100)" >
                <constraints  nullable="false"/>
            </column>
            <column name="created_date" type="datetime" >
                <constraints  nullable="false"/>
            </column>
            <column name="modified_by" type="varchar(100)" />
            <column name="modified_date" type="datetime" />
            <column name="obsolete" type="boolean" defaultValueBoolean="false">
                <constraints nullable="false" />
            </column>
        </createTable>
    </changeSet>

    <changeSet id="20220510_1142_initialization_4" author="klayer3">
        <comment>
            indici e fk tabella user
        </comment>
        <createIndex tableName="user" indexName="idx_user_obsolete">
            <column name="obsolete" type="boolean" />
        </createIndex>
        <createIndex tableName="user" indexName="uidx_user_username" unique="true">
            <column name="username" type="varchar(50)"  />
        </createIndex>
    </changeSet>

    <changeSet id="20220510_1142_initialization_5" author="klayer3">
        <createTable tableName="user_provider">
            <column name="id" type="varchar(40)">
                <constraints primaryKey="true" nullable="false"/>
            </column>
            <column name="user_id" type="varchar(40)" >
                <constraints  nullable="false"/>
            </column>
            <column name="provider_id" type="varchar(30)">
                <constraints  nullable="false"/>
            </column>
            <column name="provider_user_id" type="varchar(250)">
                <constraints  nullable="false"/>
            </column>
            <column name="email" type="varchar(250)">
                <constraints  nullable="false"/>
            </column>
            <column name="display_name" type="varchar(250)">
                <constraints  nullable="false"/>
            </column>

            <column name="created_by" type="varchar(100)" >
                <constraints  nullable="false"/>
            </column>
            <column name="created_date" type="datetime" >
                <constraints  nullable="false"/>
            </column>
            <column name="modified_by" type="varchar(100)" />
            <column name="modified_date" type="datetime" />
            <column name="obsolete" type="boolean" defaultValueBoolean="false">
                <constraints nullable="false" />
            </column>
        </createTable>
    </changeSet>

    <changeSet id="20220510_1142_initialization_6" author="klayer3">
        <comment>
            indici e fk tabella user_provider
        </comment>
        <createIndex tableName="user_provider" indexName="uidx_user_provider" unique="true">
            <column name="user_id" type="varchar(40)" />
            <column name="provider_id" type="varchar(30)"/>
        </createIndex>
        <createIndex tableName="user_provider" indexName="uidx_user_provider_id" unique="true">
            <column name="provider_id" type="varchar(30)"/>
            <column name="provider_user_id" type="varchar(250)" />
        </createIndex>
        <createIndex tableName="user_provider" indexName="idx_user_provider_user">
            <column name="user_id" type="varchar(40)" />
        </createIndex>
        <createIndex tableName="user_provider" indexName="idx_user_provider_provider">
            <column name="provider_id" type="varchar(30)" />
        </createIndex>

        <addForeignKeyConstraint
                baseTableName="user_provider"
                baseColumnNames="user_id"
                constraintName="fk_user_provider_user"
                referencedTableName="user"
                referencedColumnNames="id"
                onDelete="RESTRICT"/>

        <addForeignKeyConstraint
                baseTableName="user_provider"
                baseColumnNames="provider_id"
                constraintName="fk_user_provider_provider"
                referencedTableName="provider"
                referencedColumnNames="id"
                onDelete="RESTRICT"/>
    </changeSet>

    <changeSet id="20220510_1142_initialization_7" author="klayer3">
        <createTable tableName="user_role">
            <column name="id" type="varchar(40)">
                <constraints primaryKey="true" nullable="false"/>
            </column>
            <column name="user_id" type="varchar(40)" >
                <constraints  nullable="false"/>
            </column>
            <column name="role_id" type="varchar(30)">
                <constraints primaryKey="true" nullable="false"/>
            </column>

            <column name="created_by" type="varchar(100)" >
                <constraints  nullable="false"/>
            </column>
            <column name="created_date" type="datetime" >
                <constraints  nullable="false"/>
            </column>
            <column name="modified_by" type="varchar(100)" />
            <column name="modified_date" type="datetime" />
            <column name="obsolete" type="boolean" defaultValueBoolean="false">
                <constraints nullable="false" />
            </column>
        </createTable>
    </changeSet>

    <changeSet id="20220510_1142_initialization_8" author="klayer3">
        <comment>
            indici e fk tabella user_role
        </comment>
        <createIndex tableName="user_role" indexName="uidx_user_role" unique="true">
            <column name="user_id" type="varchar(40)" />
            <column name="role_id" type="varchar(30)"/>
        </createIndex>
        <createIndex tableName="user_role" indexName="idx_user_role_user">
            <column name="user_id" type="varchar(40)" />
        </createIndex>

        <addForeignKeyConstraint
                baseTableName="user_role"
                baseColumnNames="user_id"
                constraintName="fk_user_role_user"
                referencedTableName="user"
                referencedColumnNames="id"
                onDelete="RESTRICT"/>

        <addForeignKeyConstraint
                baseTableName="user_role"
                baseColumnNames="role_id"
                constraintName="fk_user_role_role"
                referencedTableName="role"
                referencedColumnNames="id"
                onDelete="RESTRICT"/>
    </changeSet>

    <changeSet id="20220510_1142_initialization_9" author="klayer3">
        <createTable tableName="user_token">
            <column name="id" type="varchar(40)">
                <constraints primaryKey="true" nullable="false"/>
            </column>
            <column name="user_id" type="varchar(40)" >
                <constraints  nullable="false"/>
            </column>
            <column name="token" type="TEXT">
                <constraints nullable="false"/>
            </column>

            <column name="created_by" type="varchar(100)" >
                <constraints  nullable="false"/>
            </column>
            <column name="created_date" type="datetime" >
                <constraints  nullable="false"/>
            </column>
            <column name="modified_by" type="varchar(100)" />
            <column name="modified_date" type="datetime" />
            <column name="obsolete" type="boolean" defaultValueBoolean="false">
                <constraints nullable="false" />
            </column>
        </createTable>
    </changeSet>

    <changeSet id="20220510_1142_initialization_10" author="klayer3">
        <comment>
            indici e fk tabella user_token
        </comment>
        <createIndex tableName="user_token" indexName="idx_user_token_user">
            <column name="user_id" type="varchar(40)" />
        </createIndex>

        <addForeignKeyConstraint
                baseTableName="user_token"
                baseColumnNames="user_id"
                constraintName="fk_user_token_user"
                referencedTableName="user"
                referencedColumnNames="id"
                onDelete="RESTRICT"/>

    </changeSet>

</databaseChangeLog>