<?xml version="1.0" encoding="utf-8"?>
<!--
  ~ Copyright 2025 Ant Lab S.R.L.
  ~ Author: Riccardo Mohamed
  ~ Email: riccardo.mohamed@gmail.com
  ~
  ~ Licensed under the Apache License, Version 2.0 (the "License");
  ~ you may not use this file except in compliance with the License.
  ~ You may obtain a copy of the License at
  ~
  ~     http://www.apache.org/licenses/LICENSE-2.0
  ~
  ~ Unless required by applicable law or agreed to in writing, software
  ~ distributed under the License is distributed on an "AS IS" BASIS,
  ~ WITHOUT WARRANTIES OR CONDITIONS OF ANY KIND, either express or implied.
  ~ See the License for the specific language governing permissions and
  ~ limitations under the License.
  ~
  -->

<databaseChangeLog
        xmlns="http://www.liquibase.org/xml/ns/dbchangelog" xmlns:xsi="http://www.w3.org/2001/XMLSchema-instance"
        xsi:schemaLocation="http://www.liquibase.org/xml/ns/dbchangelog http://www.liquibase.org/xml/ns/dbchangelog/dbchangelog-4.1.xsd">

    <property name="datetimeType" value="datetime"/>
    <property name="datetimeType" value="timestamp without time zone" dbms="postgresql"/>
    <property name="now" value="now()" dbms="mysql,mariadb,h2"/>
    <property name="now" value="current_timestamp" dbms="postgresql"/>
    <property name="now" value="sysdate" dbms="oracle"/>

    <property name="datetimeType" value="datetime"/>
    <property name="datetimeType" value="timestamp without time zone" dbms="postgresql"/>
    <property name="now" value="now()" dbms="mysql,mariadb,h2"/>
    <property name="now" value="current_timestamp" dbms="postgresql"/>
    <property name="now" value="sysdate" dbms="oracle"/>


    <changeSet id="20240816_1845_added_sso_transaction_1" author="klayer3">
        <comment>add iam_sso_trx table</comment>
        <createTable tableName="iam_sso_trx">
            <column name="id" type="varchar(40)" >
                <constraints primaryKey="true" nullable="false" />
            </column>
            <column name="user_id" type="varchar(50)">
                <constraints nullable="false" />
            </column>
            <column name="trx_hash" type="varchar(255)">
                <constraints  nullable="false"/>
            </column>
            <column name="version" type="int" defaultValue="0">
                <constraints nullable="false"/>
            </column>
            <column name="creation_time" type="${datetimeType}" defaultValueDate="${now}">
                <constraints nullable="false"/>
            </column>
            <column name="obsolete" type="boolean" defaultValueBoolean="false">
                <constraints nullable="false"/>
            </column>
            <column name="update_time" type="${datetimeType}"/>
            <column name="created_by" type="varchar(255)">
                <constraints nullable="false"/>
            </column>
            <column name="modified_by" type="varchar(255)"/>
        </createTable>
    </changeSet>

    <changeSet id="20240816_1845_added_sso_transaction_2" author="klayer3">
        <comment>iam_sso_trx index</comment>
        <createIndex tableName="iam_sso_trx" indexName="uidx_iam_sso_trx_trx_hash" unique="true">
            <column name="trx_hash"/>
        </createIndex>
        <createIndex tableName="iam_sso_trx" indexName="idx_partner_obsolete">
            <column name="obsolete"/>
        </createIndex>
        <createIndex tableName="iam_sso_trx" indexName="idx_partner_user_id">
            <column name="user_id"/>
        </createIndex>
        <createIndex tableName="iam_sso_trx" indexName="idx_partner_obsolete_user_id">
            <column name="obsolete"/>
            <column name="user_id"/>
        </createIndex>
    </changeSet>

    <changeSet id="20240816_1845_added_sso_transaction_3" author="klayer3">
        <comment>iam_sso_trx fix index</comment>
        <dropIndex tableName="iam_sso_trx" indexName="idx_partner_obsolete"/>
        <createIndex tableName="iam_sso_trx" indexName="idx_iam_sso_trx_obsolete">
            <column name="obsolete"/>
        </createIndex>
        <dropIndex tableName="iam_sso_trx" indexName="idx_partner_user_id"/>
        <createIndex tableName="iam_sso_trx" indexName="idx_iam_sso_trx_user_id">
            <column name="user_id"/>
        </createIndex>
        <dropIndex tableName="iam_sso_trx" indexName="idx_partner_obsolete_user_id"/>
        <createIndex tableName="iam_sso_trx" indexName="idx_iam_sso_trx_obsolete_user_id">
            <column name="obsolete"/>
            <column name="user_id"/>
        </createIndex>
    </changeSet>

    <changeSet id="20240816_1845_added_sso_transaction_4" author="klayer3">
        <comment>iam_sso_trx fix dates</comment>
        <renameColumn tableName="iam_sso_trx" newColumnName="created_date" oldColumnName="creation_time" columnDataType="${datetimeType}" />
        <renameColumn tableName="iam_sso_trx" newColumnName="modified_date" oldColumnName="update_time" columnDataType="${datetimeType}" />
    </changeSet>

</databaseChangeLog>