<?xml version="1.0" encoding="utf-8"?>
<!--
  ~ Copyright 2025 Ant Lab S.R.L.
  ~ Author: Riccardo Mohamed
  ~ Email: riccardo.mohamed@gmail.com
  ~
  ~ Licensed under the Apache License, Version 2.0 (the "License");
  ~ you may not use this file except in compliance with the License.
  ~ You may obtain a copy of the License at
  ~
  ~     http://www.apache.org/licenses/LICENSE-2.0
  ~
  ~ Unless required by applicable law or agreed to in writing, software
  ~ distributed under the License is distributed on an "AS IS" BASIS,
  ~ WITHOUT WARRANTIES OR CONDITIONS OF ANY KIND, either express or implied.
  ~ See the License for the specific language governing permissions and
  ~ limitations under the License.
  ~
  -->

<databaseChangeLog
        xmlns="http://www.liquibase.org/xml/ns/dbchangelog" xmlns:xsi="http://www.w3.org/2001/XMLSchema-instance"
        xsi:schemaLocation="http://www.liquibase.org/xml/ns/dbchangelog http://www.liquibase.org/xml/ns/dbchangelog/dbchangelog-4.1.xsd">

    <property name="datetimeType" value="datetime"/>
    <property name="datetimeType" value="timestamp without time zone" dbms="postgresql"/>
    <property name="now" value="now()" dbms="mysql,mariadb,h2"/>
    <property name="now" value="current_timestamp" dbms="postgresql"/>
    <property name="now" value="sysdate" dbms="oracle"/>

    <property name="datetimeType" value="datetime"/>
    <property name="datetimeType" value="timestamp without time zone" dbms="postgresql"/>
    <property name="now" value="now()" dbms="mysql,mariadb,h2"/>
    <property name="now" value="current_timestamp" dbms="postgresql"/>
    <property name="now" value="sysdate" dbms="oracle"/>


    <changeSet id="20250113_1815_added_context" author="klayer3">
        <comment>add iam_context table</comment>
        <createTable tableName="iam_context">
            <column name="id" type="varchar(40)" >
                <constraints primaryKey="true" nullable="false" />
            </column>
            <column name="description" type="varchar(250)" >
                <constraints  nullable="false"/>
            </column>
            <column name="creation_time" type="${datetimeType}" defaultValueDate="${now}">
                <constraints nullable="false"/>
            </column>
            <column name="obsolete" type="boolean" defaultValueBoolean="false">
                <constraints nullable="false"/>
            </column>
            <column name="update_time" type="${datetimeType}"/>
            <column name="created_by" type="varchar(255)">
                <constraints nullable="false"/>
            </column>
            <column name="modified_by" type="varchar(255)"/>
        </createTable>
    </changeSet>

    <changeSet id="20250113_1815_added_context_2" author="klayer3">
        <comment>iam_context index</comment>
        <createIndex tableName="iam_context" indexName="idx_iam_context_obsolete">
            <column name="obsolete"/>
        </createIndex>
    </changeSet>

    <changeSet id="20250113_1815_added_context_3" author="klayer3">
        <comment>iam_context iam data</comment>
        <insert tableName="iam_context">
            <column name="id" value="IAM"/>
            <column name="description" value="IAM MS Context"/>
            <column name="obsolete" valueBoolean="false" />
            <column name="created_by" value="liquibase"/>
        </insert>
    </changeSet>

    <changeSet id="20250113_1815_added_context_4" author="klayer3">
        <comment>iam_roles context relation</comment>
        <addColumn tableName="iam_role">
            <column name="context_id" type="varchar(40)"/>
        </addColumn>
        <createIndex tableName="iam_role" indexName="idx_iam_role_context_id">
            <column name="context_id"/>
        </createIndex>
        <addForeignKeyConstraint baseTableName="iam_role" baseColumnNames="context_id" constraintName="fk_iam_role_context_id"
                                 referencedTableName="iam_context"
                                 referencedColumnNames="id"/>
    </changeSet>

    <changeSet id="20250113_1815_added_context_5" author="klayer3">
        <update tableName="iam_role">
            <column name="context_id" value="IAM"/>
            <where> id = 'IAM_ADMIN'</where>
        </update>
    </changeSet>

</databaseChangeLog>