<?xml version="1.0" encoding="utf-8"?>
<!--
  ~ Copyright 2025 Ant Lab S.R.L.
  ~ Author: Riccardo Mohamed
  ~ Email: riccardo.mohamed@gmail.com
  ~
  ~ Licensed under the Apache License, Version 2.0 (the "License");
  ~ you may not use this file except in compliance with the License.
  ~ You may obtain a copy of the License at
  ~
  ~     http://www.apache.org/licenses/LICENSE-2.0
  ~
  ~ Unless required by applicable law or agreed to in writing, software
  ~ distributed under the License is distributed on an "AS IS" BASIS,
  ~ WITHOUT WARRANTIES OR CONDITIONS OF ANY KIND, either express or implied.
  ~ See the License for the specific language governing permissions and
  ~ limitations under the License.
  ~
  -->

<databaseChangeLog
        xmlns="http://www.liquibase.org/xml/ns/dbchangelog" xmlns:xsi="http://www.w3.org/2001/XMLSchema-instance"
        xsi:schemaLocation="http://www.liquibase.org/xml/ns/dbchangelog http://www.liquibase.org/xml/ns/dbchangelog/dbchangelog-4.1.xsd">

    <property name="datetimeType" value="datetime"/>
    <property name="datetimeType" value="timestamp without time zone" dbms="postgresql"/>
    <property name="now" value="now()" dbms="mysql,mariadb,h2"/>
    <property name="now" value="current_timestamp" dbms="postgresql"/>
    <property name="now" value="sysdate" dbms="oracle"/>

    <property name="datetimeType" value="datetime"/>
    <property name="datetimeType" value="timestamp without time zone" dbms="postgresql"/>
    <property name="now" value="now()" dbms="mysql,mariadb,h2"/>
    <property name="now" value="current_timestamp" dbms="postgresql"/>
    <property name="now" value="sysdate" dbms="oracle"/>


    <changeSet id="20250114_1020_added_user_type_1" author="klayer3">
        <comment>add iam_user.type </comment>
        <addColumn tableName="iam_user">
            <column name="type" type="varchar(40)"/>
        </addColumn>
        <createIndex tableName="iam_user" indexName="idx_iam_user_type">
            <column name="type"/>
        </createIndex>
    </changeSet>

    <changeSet id="20250114_1020_added_user_type_2" author="klayer3">
        <comment>fix iam_user.type data</comment>
        <sql>
            update iam_user u set type = coalesce((select 'PROVIDER' from iam_user_provider up where up.user_id = u.id ), 'BASIC');
        </sql>
    </changeSet>

    <changeSet id="20250114_1020_added_user_type_3" author="klayer3">
        <comment>set iam_user.type not null</comment>
        <addNotNullConstraint tableName="iam_user" columnName="type" columnDataType="varchar(40)"/>
    </changeSet>

</databaseChangeLog>