<?xml version="1.0" encoding="utf-8"?>
<!--
  ~ Copyright 2025 Ant Lab S.R.L.
  ~ Author: Riccardo Mohamed
  ~ Email: riccardo.mohamed@gmail.com
  ~
  ~ Licensed under the Apache License, Version 2.0 (the "License");
  ~ you may not use this file except in compliance with the License.
  ~ You may obtain a copy of the License at
  ~
  ~     http://www.apache.org/licenses/LICENSE-2.0
  ~
  ~ Unless required by applicable law or agreed to in writing, software
  ~ distributed under the License is distributed on an "AS IS" BASIS,
  ~ WITHOUT WARRANTIES OR CONDITIONS OF ANY KIND, either express or implied.
  ~ See the License for the specific language governing permissions and
  ~ limitations under the License.
  ~
  -->

<databaseChangeLog
        xmlns="http://www.liquibase.org/xml/ns/dbchangelog" xmlns:xsi="http://www.w3.org/2001/XMLSchema-instance"
        xsi:schemaLocation="http://www.liquibase.org/xml/ns/dbchangelog http://www.liquibase.org/xml/ns/dbchangelog/dbchangelog-4.1.xsd">

    <property name="datetimeType" value="datetime"/>
    <property name="datetimeType" value="timestamp without time zone" dbms="postgresql"/>
    <property name="now" value="now()" dbms="mysql,mariadb,h2"/>
    <property name="now" value="current_timestamp" dbms="postgresql"/>
    <property name="now" value="sysdate" dbms="oracle"/>

    <property name="datetimeType" value="datetime"/>
    <property name="datetimeType" value="timestamp without time zone" dbms="postgresql"/>
    <property name="now" value="now()" dbms="mysql,mariadb,h2"/>
    <property name="now" value="current_timestamp" dbms="postgresql"/>
    <property name="now" value="sysdate" dbms="oracle"/>


    <changeSet id="20250618_1530_added_user_claims_1" author="klayer3">
        <comment>add iam_user_claims </comment>
        <createTable tableName="iam_user_claims">
            <column name="user_id" type="varchar(40)">
                <constraints primaryKey="true" nullable="false"/>
            </column>
            <column name="claims_data" type="text">
                <constraints nullable="false"/>
            </column>
            <column name="creation_time" type="${datetimeType}" defaultValueDate="${now}">
                <constraints nullable="false"/>
            </column>
            <column name="obsolete" type="boolean" defaultValueBoolean="false">
                <constraints nullable="false"/>
            </column>
            <column name="update_time" type="${datetimeType}"/>
            <column name="created_by" type="varchar(255)">
                <constraints nullable="false"/>
            </column>
            <column name="modified_by" type="varchar(255)"/>
        </createTable>

        <createIndex tableName="iam_user_claims" indexName="idx_iam_user_claims_obsolete">
            <column name="obsolete"/>
        </createIndex>

        <createIndex tableName="iam_user_claims" indexName="idx_iam_user_claims_user_id">
            <column name="user_id"/>
        </createIndex>

        <addForeignKeyConstraint baseTableName="iam_user_claims" baseColumnNames="user_id" constraintName="fk_iam_user_claims_user_id"
                                 referencedTableName="iam_user"
                                 referencedColumnNames="id"/>

    </changeSet>

    <changeSet id="20250618_1530_added_user_claims_2" author="klayer3" dbms="mariadb,mysql">
        <preConditions onFail="MARK_RAN">
            <tableExists tableName="nr_resource"  />
        </preConditions>
        <comment>iam_user_claims data migration from nr_resource</comment>
        <sql>
            insert into iam_user_claims(user_id, claims_data, creation_time, obsolete, created_by)
            select u.id, res.meta_data, res.last_update, u.obsolete, 'liquibase' from nr_resource res join iam_user u on ( res.id = u.id )
            where entity = 'USER_DATA'
        </sql>
    </changeSet>
    
    <changeSet id="20250618_1530_added_user_claims_3" author="klayer3">
        <comment>fix iam_user_claims modified_date and created_date  columns</comment>
        <renameColumn tableName="iam_user_claims" oldColumnName="update_time" newColumnName="modified_date" columnDataType="${datetimeType}"/>
        <renameColumn tableName="iam_user_claims" oldColumnName="creation_time" newColumnName="created_date" columnDataType="${datetimeType}"/>
    </changeSet>

</databaseChangeLog>