<?xml version="1.0" encoding="utf-8"?>
<databaseChangeLog xmlns="http://www.liquibase.org/xml/ns/dbchangelog" xmlns:ext="http://www.liquibase.org/xml/ns/dbchangelog-ext" xmlns:pro="http://www.liquibase.org/xml/ns/pro" xmlns:xsi="http://www.w3.org/2001/XMLSchema-instance" xsi:schemaLocation="http://www.liquibase.org/xml/ns/dbchangelog-ext http://www.liquibase.org/xml/ns/dbchangelog/dbchangelog-ext.xsd http://www.liquibase.org/xml/ns/pro http://www.liquibase.org/xml/ns/pro/liquibase-pro-4.1.xsd http://www.liquibase.org/xml/ns/dbchangelog http://www.liquibase.org/xml/ns/dbchangelog/dbchangelog-4.1.xsd">



    <changeSet id="nr_schema_initialization_resource_1" author="klayer3">
        <createTable tableName="nr_resource">
            <column name="context" type="varchar(40)">
                <constraints primaryKey="true" nullable="false"/>
            </column>
            <column name="entity" type="varchar(40)">
                <constraints primaryKey="true" nullable="false"/>
            </column>
            <column name="id" type="varchar(40)">
                <constraints primaryKey="true" nullable="false"/>
            </column>

            <column name="n_order" type="bigint"/>
            <column name="meta_data" type="TEXT" />
            <column name="content_type" type="TEXT" />
            <column name="bucket_id" type="varchar(40)"/>
            <column name="tags_ref" type="varchar(40)"/>
            <column name="last_update" type="datetime"/>
        </createTable>
    </changeSet>
    <changeSet id="nr_schema_initialization_resource_2" author="klayer3">
        <createIndex tableName="nr_resource" indexName="idx_nr_resource_order">
            <column name="n_order" type="bigint" descending="false"/>
        </createIndex>
        <createIndex tableName="nr_resource" indexName="idx_nr_resource_last_update">
            <column name="last_update" type="datetime" descending="true"/>
        </createIndex>
    </changeSet>

    <changeSet id="nr_schema_initialization_resource_3" author="klayer3">
        <createTable tableName="nr_bucket">
            <column name="id" type="varchar(40)">
                <constraints primaryKey="true" nullable="false"/>
            </column>

            <column name="data" type="longblob">
                <constraints nullable="false"/>
            </column>
        </createTable>
    </changeSet>
    <changeSet id="nr_schema_initialization_resource_4" author="klayer3">
        <createTable tableName="nr_resource_tag">
            <column name="id" type="bigint" autoIncrement="true">
                <constraints primaryKey="true" nullable="false"/>
            </column>
            <column name="tags_ref" type="varchar(40)">
                <constraints nullable="false"/>
            </column>
            <column name="tag" type="varchar(50)">
                <constraints nullable="false"/>
            </column>
        </createTable>
    </changeSet>

    <changeSet id="nr_schema_initialization_resource_5" author="klayer3">
        <createIndex unique="true" tableName="nr_resource_tag" indexName="uidx_nr_resource_tag">
            <column name="tags_ref" type="varchar(40)"/>
            <column name="tag" type="varchar(50)"/>
        </createIndex>
        <createIndex tableName="nr_resource_tag" indexName="idx_nr_resource_tag_tag">
            <column name="tag" type="varchar(50)"/>
        </createIndex>
    </changeSet>

    <changeSet id="nr_schema_initialization_resource_6" author="klayer3">
        <createIndex tableName="nr_resource" indexName="idx_nr_resource_context_entity">
            <column name="context" type="varchar(40)"/>
            <column name="entity" type="varchar(40)"/>
        </createIndex>
    </changeSet>


    <changeSet id="nr_schema_initialization_resource_7"  author="klayer3">
         <addColumn tableName="nr_resource">
             <column name="content_length" type="bigint" />
         </addColumn>
    </changeSet>

    <changeSet id="nr_schema_initialization_resource_8" dbms="mysql,mariadb,postgres" author="klayer3">
        <update tableName="nr_resource">
            <column name="content_length" valueNumeric="(select OCTET_LENGTH(data) from nr_bucket where id = bucket_id)"/>
            <where>bucket_id is not null and content_length is null </where>
        </update>
    </changeSet>

    <changeSet id="nr_schema_initialization_resource_9" dbms="mysql,mariadb,postgres" author="klayer3">
        <comment>fix resource_id</comment>
         <modifyDataType tableName="nr_resource" columnName="id" newDataType="varchar(100)"/>
    </changeSet>

</databaseChangeLog>